#,#Dt,Dt Msrd,Site ID,Fem,Dt Dpst,Tub #,Treat,PicSlct,Weight,SpcmnID,Photos
1,0,08/01/2018,BLD,BLD.F3,02/01/2018,1,0f,18,0.182,0.20180108.T1.BLD.F3.0f#18(1),18
2,0,08/01/2018,BLD,BLD.F3,02/01/2018,1,0f,19,0.199,0.20180108.T1.BLD.F3.0f#19(2),19
3,0,08/01/2018,BLD,BLD.F3,02/01/2018,1,0f,20,0.186,0.20180108.T1.BLD.F3.0f#20(3),20
4,0,08/01/2018,BLD,BLD.F3,02/01/2018,1,0f,21,0.198,0.20180108.T1.BLD.F3.0f#21(4),21
5,0,08/01/2018,BLD,BLD.F3,02/01/2018,2,3f,22,0.187,0.20180108.T2.BLD.F3.3f#22(5),22
6,0,08/01/2018,BLD,BLD.F3,02/01/2018,2,3f,23,0.21,0.20180108.T2.BLD.F3.3f#23(6),23
7,0,08/01/2018,BLD,BLD.F3,02/01/2018,2,3f,24,0.191,0.20180108.T2.BLD.F3.3f#24(7),24
8,0,08/01/2018,BLD,BLD.F3,02/01/2018,2,3f,25,0.201,0.20180108.T2.BLD.F3.3f#25(8),25
9,0,08/01/2018,BLD,BLD.F3,02/01/2018,3,6f,26,0.216,0.20180108.T3.BLD.F3.6f#26(9),26
10,0,08/01/2018,BLD,BLD.F3,02/01/2018,3,6f,27,0.217,0.20180108.T3.BLD.F3.6f#27(10),27
11,0,08/01/2018,BLD,BLD.F3,02/01/2018,3,6f,28,0.203,0.20180108.T3.BLD.F3.6f#28(11),28
12,0,08/01/2018,BLD,BLD.F3,02/01/2018,3,6f,29,0.195,0.20180108.T3.BLD.F3.6f#29(12),29
13,0,09/01/2018,ALN,ALN.F3,03/01/2018,7,0f,5,0.17,0.20180109.T7.ALN.F3.0f#5(13),5
14,0,09/01/2018,ALN,ALN.F3,03/01/2018,7,0f,6,0.173,0.20180109.T7.ALN.F3.0f#6(14),6
15,0,09/01/2018,ALN,ALN.F3,03/01/2018,7,0f,7,0.183,0.20180109.T7.ALN.F3.0f#7(15),7
16,0,09/01/2018,ALN,ALN.F3,03/01/2018,7,0f,8,0.169,0.20180109.T7.ALN.F3.0f#8(16),8
17,0,09/01/2018,ALN,ALN.F1,03/01/2018,10,0f,9,0.287,0.20180109.T10.ALN.F1.0f#9(17),9
18,0,09/01/2018,ALN,ALN.F1,03/01/2018,10,0f,10,0.234,0.20180109.T10.ALN.F1.0f#10(18),10
19,0,09/01/2018,ALN,ALN.F1,03/01/2018,10,0f,11,0.217,0.20180109.T10.ALN.F1.0f#11(19),11
20,0,09/01/2018,ALN,ALN.F1,03/01/2018,10,0f,12,0.239,0.20180109.T10.ALN.F1.0f#12(20),12
21,0,09/01/2018,ALN,ALN.F3,03/01/2018,8,3f,13,0.177,0.20180109.T8.ALN.F3.3f#13(21),13
22,0,09/01/2018,ALN,ALN.F3,03/01/2018,8,3f,14,0.168,0.20180109.T8.ALN.F3.3f#14(22),14
23,0,09/01/2018,ALN,ALN.F3,03/01/2018,8,3f,15,0.173,0.20180109.T8.ALN.F3.3f#15(23),15
24,0,09/01/2018,ALN,ALN.F3,03/01/2018,8,3f,17,0.19,0.20180109.T8.ALN.F3.3f#16-17(24),16-17
25,0,09/01/2018,ALN,ALN.F1,03/01/2018,11,3f,18,0.253,0.20180109.T11.ALN.F1.3f#18(25),18
26,0,09/01/2018,ALN,ALN.F1,03/01/2018,11,3f,19,0.257,0.20180109.T11.ALN.F1.3f#19(26),19
27,0,09/01/2018,ALN,ALN.F1,03/01/2018,11,3f,20,0.253,0.20180109.T11.ALN.F1.3f#20(27),20
28,0,09/01/2018,ALN,ALN.F1,03/01/2018,11,3f,21,0.25,0.20180109.T11.ALN.F1.3f#21(28),21
29,0,09/01/2018,BLD,BLD.F2,03/01/2018,5,3f,22,0.185,0.20180109.T5.BLD.F2.3f#22(29),22
30,0,09/01/2018,BLD,BLD.F2,03/01/2018,5,3f,23,0.168,0.20180109.T5.BLD.F2.3f#23(30),23
31,0,09/01/2018,BLD,BLD.F2,03/01/2018,5,3f,24,0.196,0.20180109.T5.BLD.F2.3f#24(31),24
32,0,09/01/2018,BLD,BLD.F2,03/01/2018,5,3f,25,0.196,0.20180109.T5.BLD.F2.3f#25(32),25
33,0,09/01/2018,BLD,BLD.F2,03/01/2018,4,0f,26,0.199,0.20180109.T4.BLD.F2.0f#26(33),26
34,0,09/01/2018,BLD,BLD.F2,03/01/2018,4,0f,27,0.221,0.20180109.T4.BLD.F2.0f#27(34),27
35,0,09/01/2018,BLD,BLD.F2,03/01/2018,4,0f,28,0.197,0.20180109.T4.BLD.F2.0f#28(35),28
36,0,09/01/2018,BLD,BLD.F2,03/01/2018,4,0f,29,0.207,0.20180109.T4.BLD.F2.0f#29(36),29
37,0,09/01/2018,BLD,BLD.F2,03/01/2018,6,6f,30,0.173,0.20180109.T6.BLD.F2.6f#30(37),30
38,0,09/01/2018,BLD,BLD.F2,03/01/2018,6,6f,31,0.183,0.20180109.T6.BLD.F2.6f#31(38),31
39,0,09/01/2018,BLD,BLD.F2,03/01/2018,6,6f,32,0.196,0.20180109.T6.BLD.F2.6f#32(39),32
40,0,09/01/2018,BLD,BLD.F2,03/01/2018,6,6f,33,0.192,0.20180109.T6.BLD.F2.6f#33(40),33
41,0,09/01/2018,ALN,ALN.F3,03/01/2018,9,6f,34,0.161,0.20180109.T9.ALN.F3.6f#34(41),34
42,0,09/01/2018,ALN,ALN.F3,03/01/2018,9,6f,35,0.195,0.20180109.T9.ALN.F3.6f#35(42),35
43,0,09/01/2018,ALN,ALN.F3,03/01/2018,9,6f,36,0.168,0.20180109.T9.ALN.F3.6f#36(43),36
44,0,09/01/2018,ALN,ALN.F3,03/01/2018,9,6f,37,0.188,0.20180109.T9.ALN.F3.6f#37(44),37
45,0,09/01/2018,ALN,ALN.F1,03/01/2018,12,6f,38,0.261,0.20180109.T12.ALN.F1.6f#38(45),38
46,0,09/01/2018,ALN,ALN.F1,03/01/2018,12,6f,39,0.269,0.20180109.T12.ALN.F1.6f#39(46),39
47,0,09/01/2018,ALN,ALN.F1,03/01/2018,12,6f,40,0.242,0.20180109.T12.ALN.F1.6f#40(47),40
48,0,09/01/2018,ALN,ALN.F1,03/01/2018,12,6f,41,0.268,0.20180109.T12.ALN.F1.6f#41(48),41
49,1,22/01/2018,BLD,BLD.F3,02/01/2018,1,0f,24,0.303,1.20180122.T1.BLD.F3.0f#24(49),24
50,1,22/01/2018,BLD,BLD.F3,02/01/2018,1,0f,25,0.453,1.20180122.T1.BLD.F3.0f#25(50),25
51,1,22/01/2018,BLD,BLD.F3,02/01/2018,1,0f,27,0.34,1.20180122.T1.BLD.F3.0f#26-27(51),26-27
52,1,22/01/2018,BLD,BLD.F3,02/01/2018,1,0f,28,0.347,1.20180122.T1.BLD.F3.0f#28(52),28
53,1,22/01/2018,BLD,BLD.F3,02/01/2018,2,3f,29,0.348,1.20180122.T2.BLD.F3.3f#29(53),29
54,1,22/01/2018,BLD,BLD.F3,02/01/2018,2,3f,30,0.429,1.20180122.T2.BLD.F3.3f#30-31(54),30-31
55,1,22/01/2018,BLD,BLD.F3,02/01/2018,2,3f,32,0.398,1.20180122.T2.BLD.F3.3f#32(55),32
56,1,22/01/2018,BLD,BLD.F3,02/01/2018,2,3f,33,0.382,1.20180122.T2.BLD.F3.3f#33(56),33
57,1,22/01/2018,BLD,BLD.F3,02/01/2018,3,6f,36,0.336,1.20180122.T3.BLD.F3.6f#34-36(57),34-36
58,1,22/01/2018,BLD,BLD.F3,02/01/2018,3,6f,37,0.434,1.20180122.T3.BLD.F3.6f#37-38(58),37-38
59,1,22/01/2018,BLD,BLD.F3,02/01/2018,3,6f,39,0.373,1.20180122.T3.BLD.F3.6f#39(59),39
60,1,22/01/2018,BLD,BLD.F3,02/01/2018,3,6f,40,0.334,1.20180122.T3.BLD.F3.6f#40-41(60),40-41
61,1,23/01/2018,ALN,ALN.F3,03/01/2018,8,3f,42,0.261,1.20180123.T8.ALN.F3.3f#42(61),42
62,1,23/01/2018,ALN,ALN.F3,03/01/2018,8,3f,43,0.298,1.20180123.T8.ALN.F3.3f#43(62),43
63,1,23/01/2018,ALN,ALN.F3,03/01/2018,8,3f,44,0.322,1.20180123.T8.ALN.F3.3f#44(63),44
64,1,23/01/2018,ALN,ALN.F3,03/01/2018,8,3f,45,0.325,1.20180123.T8.ALN.F3.3f#45(64),45
65,1,23/01/2018,ALN,ALN.F3,03/01/2018,7,0f,46,0.342,1.20180123.T7.ALN.F3.0f#46(65),46
66,1,23/01/2018,ALN,ALN.F1,03/01/2018,10,0f,47,0.475,1.20180123.T10.ALN.F1.0f#47(66),47
67,1,23/01/2018,ALN,ALN.F1,03/01/2018,10,0f,48,0.447,1.20180123.T10.ALN.F1.0f#48(67),48
68,1,23/01/2018,ALN,ALN.F1,03/01/2018,10,0f,50,0.43,1.20180123.T10.ALN.F1.0f#49-50(68),49-50
69,1,23/01/2018,ALN,ALN.F1,03/01/2018,10,0f,51,0.398,1.20180123.T10.ALN.F1.0f#51(69),51
70,1,23/01/2018,ALN,ALN.F1,03/01/2018,11,3f,52,0.473,1.20180123.T11.ALN.F1.3f#52(70),52
71,1,23/01/2018,ALN,ALN.F1,03/01/2018,11,3f,54,0.448,1.20180123.T11.ALN.F1.3f#53-54(71),53-54
72,1,23/01/2018,ALN,ALN.F1,03/01/2018,11,3f,55,0.47,1.20180123.T11.ALN.F1.3f#55(72),55
73,1,23/01/2018,ALN,ALN.F1,03/01/2018,11,3f,57,0.425,1.20180123.T11.ALN.F1.3f#56-57(73),56-57
74,1,23/01/2018,BLD,BLD.F2,03/01/2018,4,0f,58,0.434,1.20180123.T4.BLD.F2.0f#58(74),58
75,1,23/01/2018,BLD,BLD.F2,03/01/2018,4,0f,60,0.318,1.20180123.T4.BLD.F2.0f#59-60(75),59-60
76,1,23/01/2018,BLD,BLD.F2,03/01/2018,4,0f,61,0.391,1.20180123.T4.BLD.F2.0f#61(76),61
77,1,23/01/2018,BLD,BLD.F2,03/01/2018,4,0f,63,0.444,1.20180123.T4.BLD.F2.0f#62-63(77),62-63
78,1,23/01/2018,BLD,BLD.F2,03/01/2018,5,3f,64,0.391,1.20180123.T5.BLD.F2.3f#64(78),64
79,1,23/01/2018,BLD,BLD.F2,03/01/2018,5,3f,66,0.393,1.20180123.T5.BLD.F2.3f#65-67(79),65-67
80,1,23/01/2018,BLD,BLD.F2,03/01/2018,5,3f,69,0.38,1.20180123.T5.BLD.F2.3f#68-69(80),68-69
81,1,23/01/2018,BLD,BLD.F2,03/01/2018,5,3f,70,0.386,1.20180123.T5.BLD.F2.3f#70(81),70
82,1,23/01/2018,ALN,ALN.F1,03/01/2018,12,6f,71,0.516,1.20180123.T12.ALN.F1.6f#71(82),71
83,1,23/01/2018,ALN,ALN.F1,03/01/2018,12,6f,72,0.487,1.20180123.T12.ALN.F1.6f#72(83),72
84,1,23/01/2018,ALN,ALN.F1,03/01/2018,12,6f,73,0.418,1.20180123.T12.ALN.F1.6f#73(84),73
85,1,23/01/2018,ALN,ALN.F1,03/01/2018,12,6f,75,0.428,1.20180123.T12.ALN.F1.6f#74-75(85),74-75
86,1,23/01/2018,BLD,BLD.F2,03/01/2018,6,6f,76,0.363,1.20180123.T6.BLD.F2.6f#76(86),76
87,1,23/01/2018,BLD,BLD.F2,03/01/2018,6,6f,77,0.393,1.20180123.T6.BLD.F2.6f#77-78(87),77-78
88,1,23/01/2018,BLD,BLD.F2,03/01/2018,6,6f,79,0.384,1.20180123.T6.BLD.F2.6f#79-80(88),79-80
89,1,23/01/2018,BLD,BLD.F2,03/01/2018,6,6f,81,0.356,1.20180123.T6.BLD.F2.6f#81(89),81
90,1,23/01/2018,ALN,ALN.F3,03/01/2018,9,6f,82,0.289,1.20180123.T9.ALN.F3.6f#82(90),82
91,1,23/01/2018,ALN,ALN.F3,03/01/2018,9,6f,83,0.272,1.20180123.T9.ALN.F3.6f#83(91),83
92,1,23/01/2018,ALN,ALN.F3,03/01/2018,9,6f,84,0.416,1.20180123.T9.ALN.F3.6f#84(92),84
93,1,23/01/2018,ALN,ALN.F3,03/01/2018,9,6f,85,0.289,1.20180123.T9.ALN.F3.6f#85(93),85
94,0,01/02/2018,KKB,KKB.F5,23/01/2018,13,0f,45,0.25,0.20180201.T13.KKB.F5.0f#45(94),45
95,0,01/02/2018,KKB,KKB.F5,23/01/2018,13,0f,46,0.229,0.20180201.T13.KKB.F5.0f#46(95),46
96,0,01/02/2018,KKB,KKB.F5,23/01/2018,13,0f,47,0.236,0.20180201.T13.KKB.F5.0f#47(96),47
97,0,01/02/2018,KKB,KKB.F5,23/01/2018,13,0f,49,0.225,0.20180201.T13.KKB.F5.0f#49(97),49
98,0,01/02/2018,KKB,KKB.F5,23/01/2018,14,3f,50,0.227,0.20180201.T14.KKB.F5.3f#50(98),50
99,0,01/02/2018,KKB,KKB.F5,23/01/2018,14,3f,51,0.232,0.20180201.T14.KKB.F5.3f#51(99),51
100,0,01/02/2018,KKB,KKB.F5,23/01/2018,14,3f,52,0.208,0.20180201.T14.KKB.F5.3f#52(100),52
101,0,01/02/2018,KKB,KKB.F5,23/01/2018,14,3f,53,0.241,0.20180201.T14.KKB.F5.3f#53(101),53
102,0,01/02/2018,KKB,KKB.F5,23/01/2018,15,6f,74,0.24,0.20180201.T15.KKB.F5.6f#74(102),74
103,0,01/02/2018,KKB,KKB.F5,23/01/2018,15,6f,55,0.234,0.20180201.T15.KKB.F5.6f#55(103),55
104,0,01/02/2018,KKB,KKB.F5,23/01/2018,15,6f,56,0.229,0.20180201.T15.KKB.F5.6f#56(104),56
105,0,01/02/2018,KKB,KKB.F5,23/01/2018,15,6f,57,0.236,0.20180201.T15.KKB.F5.6f#57-58(105),57-58
106,0,01/02/2018,KKB,KKB.F7,25/01/2018,16,0f,59,0.237,0.20180201.T16.KKB.F7.0f#59(106),59
107,0,01/02/2018,KKB,KKB.F7,25/01/2018,16,0f,60,0.27,0.20180201.T16.KKB.F7.0f#60(107),60
108,0,01/02/2018,KKB,KKB.F7,25/01/2018,16,0f,61,0.246,0.20180201.T16.KKB.F7.0f#61(108),61
109,0,01/02/2018,KKB,KKB.F7,25/01/2018,16,0f,62,0.252,0.20180201.T16.KKB.F7.0f#62(109),62
110,0,01/02/2018,KKB,KKB.F7,25/01/2018,17,3f,63,0.248,0.20180201.T17.KKB.F7.3f#63(110),63
111,0,01/02/2018,KKB,KKB.F7,25/01/2018,17,3f,64,0.255,0.20180201.T17.KKB.F7.3f#64(111),64
112,0,01/02/2018,KKB,KKB.F7,25/01/2018,17,3f,65,0.263,0.20180201.T17.KKB.F7.3f#65-66(112),65-66
113,0,01/02/2018,KKB,KKB.F7,25/01/2018,17,3f,67,0.246,0.20180201.T17.KKB.F7.3f#67(113),67
114,0,01/02/2018,KKB,KKB.F7,25/01/2018,18,6f,68,0.263,0.20180201.T18.KKB.F7.6f#68(114),68
115,0,01/02/2018,KKB,KKB.F7,25/01/2018,18,6f,71,0.253,0.20180201.T18.KKB.F7.6f#69-71(115),69-71
116,0,01/02/2018,KKB,KKB.F7,25/01/2018,18,6f,72,0.251,0.20180201.T18.KKB.F7.6f#72(116),72
117,0,01/02/2018,KKB,KKB.F7,25/01/2018,18,6f,73,0.255,0.20180201.T18.KKB.F7.6f#73(117),73
118,2,05/02/2018,BLD,BLD.F3,02/01/2018,1,0f,116,0.628,2.20180205.T1.BLD.F3.0f#116(118),116
119,2,05/02/2018,BLD,BLD.F3,02/01/2018,1,0f,117,0.811,2.20180205.T1.BLD.F3.0f#117(119),117
120,2,05/02/2018,BLD,BLD.F3,02/01/2018,1,0f,118,0.562,2.20180205.T1.BLD.F3.0f#118(120),118
121,2,05/02/2018,BLD,BLD.F3,02/01/2018,1,0f,119,0.553,2.20180205.T1.BLD.F3.0f#119(121),119
122,2,05/02/2018,BLD,BLD.F3,02/01/2018,2,3f,120,0.675,2.20180205.T2.BLD.F3.3f#120-121(122),120-121
123,2,05/02/2018,BLD,BLD.F3,02/01/2018,2,3f,122,0.589,2.20180205.T2.BLD.F3.3f#122(123),122
124,2,05/02/2018,BLD,BLD.F3,02/01/2018,2,3f,124,0.692,2.20180205.T2.BLD.F3.3f#123-124(124),123-124
125,2,05/02/2018,BLD,BLD.F3,02/01/2018,2,3f,125,0.704,2.20180205.T2.BLD.F3.3f#125-126(125),125-126
126,2,05/02/2018,BLD,BLD.F3,02/01/2018,3,6f,127,0.713,2.20180205.T3.BLD.F3.6f#127-128(126),127-128
127,2,05/02/2018,BLD,BLD.F3,02/01/2018,3,6f,129,0.63,2.20180205.T3.BLD.F3.6f#129(127),129
128,2,05/02/2018,BLD,BLD.F3,02/01/2018,3,6f,130,0.533,2.20180205.T3.BLD.F3.6f#130(128),130
129,2,05/02/2018,BLD,BLD.F3,02/01/2018,3,6f,131,0.649,2.20180205.T3.BLD.F3.6f#131(129),131
130,2,06/02/2018,BLD,BLD.F2,03/01/2018,4,0f,133,0.656,2.20180206.T4.BLD.F2.0f#132-133(130),132-133
131,2,06/02/2018,BLD,BLD.F2,03/01/2018,4,0f,134,0.567,2.20180206.T4.BLD.F2.0f#134(131),134
132,2,06/02/2018,BLD,BLD.F2,03/01/2018,4,0f,135,0.643,2.20180206.T4.BLD.F2.0f#135(132),135
133,2,06/02/2018,BLD,BLD.F2,03/01/2018,4,0f,137,0.71,2.20180206.T4.BLD.F2.0f#136-137(133),136-137
134,2,06/02/2018,BLD,BLD.F2,03/01/2018,5,3f,139,0.647,2.20180206.T5.BLD.F2.3f#138-139(134),138-139
135,2,06/02/2018,BLD,BLD.F2,03/01/2018,5,3f,140,0.64,2.20180206.T5.BLD.F2.3f#140(135),140
136,2,06/02/2018,BLD,BLD.F2,03/01/2018,5,3f,141,0.738,2.20180206.T5.BLD.F2.3f#141(136),141
137,2,06/02/2018,BLD,BLD.F2,03/01/2018,5,3f,142,0.606,2.20180206.T5.BLD.F2.3f#142(137),142
138,2,06/02/2018,BLD,BLD.F2,03/01/2018,6,6f,143,0.568,2.20180206.T6.BLD.F2.6f#143(138),143
139,2,06/02/2018,BLD,BLD.F2,03/01/2018,6,6f,144,0.654,2.20180206.T6.BLD.F2.6f#144(139),144
140,2,06/02/2018,BLD,BLD.F2,03/01/2018,6,6f,145,0.615,2.20180206.T6.BLD.F2.6f#145(140),145
141,2,06/02/2018,BLD,BLD.F2,03/01/2018,6,6f,146,0.604,2.20180206.T6.BLD.F2.6f#146-147(141),146-147
142,2,06/02/2018,ALN,ALN.F3,03/01/2018,7,0f,148,0.602,2.20180206.T7.ALN.F3.0f#148(142),148
143,2,06/02/2018,ALN,ALN.F3,03/01/2018,8,3f,149,0.552,2.20180206.T8.ALN.F3.3f#149(143),149
144,2,06/02/2018,ALN,ALN.F3,03/01/2018,8,3f,150,0.456,2.20180206.T8.ALN.F3.3f#150(144),150
145,2,06/02/2018,ALN,ALN.F3,03/01/2018,8,3f,151,0.607,2.20180206.T8.ALN.F3.3f#151(145),151
146,2,06/02/2018,ALN,ALN.F3,03/01/2018,8,3f,152,0.542,2.20180206.T8.ALN.F3.3f#152(146),152
147,2,06/02/2018,ALN,ALN.F3,03/01/2018,9,6f,153,0.455,2.20180206.T9.ALN.F3.6f#153(147),153
148,2,06/02/2018,ALN,ALN.F3,03/01/2018,9,6f,155,0.474,2.20180206.T9.ALN.F3.6f#154-155(148),154-155
149,2,06/02/2018,ALN,ALN.F3,03/01/2018,9,6f,157,0.715,2.20180206.T9.ALN.F3.6f#156-157(149),156-157
150,2,06/02/2018,ALN,ALN.F3,03/01/2018,9,6f,158,0.497,2.20180206.T9.ALN.F3.6f#158(150),158
151,2,06/02/2018,ALN,ALN.F1,03/01/2018,10,0f,159,0.67,2.20180206.T10.ALN.F1.0f#159(151),159
152,2,06/02/2018,ALN,ALN.F1,03/01/2018,10,0f,160,0.682,2.20180206.T10.ALN.F1.0f#160(152),160
153,2,06/02/2018,ALN,ALN.F1,03/01/2018,10,0f,162,0.737,2.20180206.T10.ALN.F1.0f#161-162(153),161-162
154,2,06/02/2018,ALN,ALN.F1,03/01/2018,10,0f,165,0.74,2.20180206.T10.ALN.F1.0f#163-165(154),163-165
155,2,06/02/2018,ALN,ALN.F1,03/01/2018,11,3f,166,0.721,2.20180206.T11.ALN.F1.3f#166-168(155),166-168
156,2,06/02/2018,ALN,ALN.F1,03/01/2018,11,3f,169,0.778,2.20180206.T11.ALN.F1.3f#169(156),169
157,2,06/02/2018,ALN,ALN.F1,03/01/2018,11,3f,170,0.725,2.20180206.T11.ALN.F1.3f#170-172(157),170-172
158,2,06/02/2018,ALN,ALN.F1,03/01/2018,11,3f,173,0.746,2.20180206.T11.ALN.F1.3f#173(158),173
159,2,06/02/2018,ALN,ALN.F1,03/01/2018,12,6f,175,0.803,2.20180206.T12.ALN.F1.6f#174-175(159),174-175
160,2,06/02/2018,ALN,ALN.F1,03/01/2018,12,6f,177,0.801,2.20180206.T12.ALN.F1.6f#176-177(160),176-177
161,2,06/02/2018,ALN,ALN.F1,03/01/2018,12,6f,178,0.844,2.20180206.T12.ALN.F1.6f#178(161),178
162,2,06/02/2018,ALN,ALN.F1,03/01/2018,12,6f,180,0.703,2.20180206.T12.ALN.F1.6f#179-180(162),179-180
163,1,15/02/2018,KKB,KKB.F5,23/01/2018,13,0f,181,0.474,1.20180215.T13.KKB.F5.0f#181-187(163),181-187
164,1,15/02/2018,KKB,KKB.F5,23/01/2018,13,0f,188,0.452,1.20180215.T13.KKB.F5.0f#188-190(164),188-190
165,1,15/02/2018,KKB,KKB.F5,23/01/2018,13,0f,192,0.388,1.20180215.T13.KKB.F5.0f#191-192(165),191-192
166,1,15/02/2018,KKB,KKB.F5,23/01/2018,13,0f,193,0.454,1.20180215.T13.KKB.F5.0f#193(166),193
167,1,15/02/2018,KKB,KKB.F5,23/01/2018,14,3f,203,0.433,1.20180215.T14.KKB.F5.3f#203(167),203
168,1,15/02/2018,KKB,KKB.F5,23/01/2018,14,3f,204,0.392,1.20180215.T14.KKB.F5.3f#204-205(168),204-205
169,1,15/02/2018,KKB,KKB.F5,23/01/2018,14,3f,206,0.446,1.20180215.T14.KKB.F5.3f#206(169),206
170,1,15/02/2018,KKB,KKB.F5,23/01/2018,14,3f,208,0.495,1.20180215.T14.KKB.F5.3f#207-209(170),207-209
171,1,15/02/2018,KKB,KKB.F5,23/01/2018,15,6f,211,0.453,1.20180215.T15.KKB.F5.6f#210-211(171),210-211
172,1,15/02/2018,KKB,KKB.F5,23/01/2018,15,6f,212,0.46,1.20180215.T15.KKB.F5.6f#212(172),212
173,1,15/02/2018,KKB,KKB.F5,23/01/2018,15,6f,214,0.467,1.20180215.T15.KKB.F5.6f#213-214(173),213-214
174,1,15/02/2018,KKB,KKB.F5,23/01/2018,15,6f,215,0.475,1.20180215.T15.KKB.F5.6f#215(174),215
175,1,15/02/2018,KKB,KKB.F7,25/01/2018,16,0f,216,0.477,1.20180215.T16.KKB.F7.0f#216(175),216
176,1,15/02/2018,KKB,KKB.F7,25/01/2018,16,0f,217,0.489,1.20180215.T16.KKB.F7.0f#217(176),217
177,1,15/02/2018,KKB,KKB.F7,25/01/2018,16,0f,220,0.464,1.20180215.T16.KKB.F7.0f#218-220(177),218-220
178,1,15/02/2018,KKB,KKB.F7,25/01/2018,16,0f,221,0.512,1.20180215.T16.KKB.F7.0f#221-222(178),221-222
179,1,15/02/2018,KKB,KKB.F7,25/01/2018,17,3f,224,0.466,1.20180215.T17.KKB.F7.3f#223-224(179),223-224
180,1,15/02/2018,KKB,KKB.F7,25/01/2018,17,3f,227,0.495,1.20180215.T17.KKB.F7.3f#225-227(180),225-227
181,1,15/02/2018,KKB,KKB.F7,25/01/2018,17,3f,228,0.525,1.20180215.T17.KKB.F7.3f#228-229(181),228-229
182,1,15/02/2018,KKB,KKB.F7,25/01/2018,17,3f,231,0.457,1.20180215.T17.KKB.F7.3f#230-231(182),230-231
183,1,15/02/2018,KKB,KKB.F7,25/01/2018,18,6f,232,0.509,1.20180215.T18.KKB.F7.6f#232(183),232
184,1,15/02/2018,KKB,KKB.F7,25/01/2018,18,6f,234,0.512,1.20180215.T18.KKB.F7.6f#233-234(184),233-234
185,1,15/02/2018,KKB,KKB.F7,25/01/2018,18,6f,235,0.48,1.20180215.T18.KKB.F7.6f#235(185),235
186,1,15/02/2018,KKB,KKB.F7,25/01/2018,18,6f,237,0.493,1.20180215.T18.KKB.F7.6f#236-237(186),236-237
187,3,19/02/2018,BLD,BLD.F3,02/01/2018,1,0f,238,0.937,3.20180219.T1.BLD.F3.0f#238(187),238
188,3,19/02/2018,BLD,BLD.F3,02/01/2018,1,0f,239,1,3.20180219.T1.BLD.F3.0f#239(188),239
189,3,19/02/2018,BLD,BLD.F3,02/01/2018,1,0f,240,1.034,3.20180219.T1.BLD.F3.0f#240-241(189),240-241
190,3,19/02/2018,BLD,BLD.F3,02/01/2018,1,0f,243,1.409,3.20180219.T1.BLD.F3.0f#242-243(190),242-243
191,3,19/02/2018,BLD,BLD.F3,02/01/2018,2,3f,245,1.215,3.20180219.T2.BLD.F3.3f#244-247(191),244-247
192,3,19/02/2018,BLD,BLD.F3,02/01/2018,2,3f,249,1.269,3.20180219.T2.BLD.F3.3f#248-249(192),248-249
193,3,19/02/2018,BLD,BLD.F3,02/01/2018,2,3f,250,1.004,3.20180219.T2.BLD.F3.3f#250(193),250
194,3,19/02/2018,BLD,BLD.F3,02/01/2018,2,3f,251,1.051,3.20180219.T2.BLD.F3.3f#251-252(194),251-252
195,3,19/02/2018,BLD,BLD.F3,02/01/2018,3,6f,253,1.004,3.20180219.T3.BLD.F3.6f#253(195),253
196,3,19/02/2018,BLD,BLD.F3,02/01/2018,3,6f,256,1.083,3.20180219.T3.BLD.F3.6f#254-257(196),254-257
197,3,19/02/2018,BLD,BLD.F3,02/01/2018,3,6f,258,0.989,3.20180219.T3.BLD.F3.6f#258-259(197),258-259
198,3,19/02/2018,BLD,BLD.F3,02/01/2018,3,6f,262,1.052,3.20180219.T3.BLD.F3.6f#260-262(198),260-262
199,3,20/02/2018,BLD,BLD.F2,03/01/2018,4,0f,263,1.09,3.20180220.T4.BLD.F2.0f#263(199),263
200,3,20/02/2018,BLD,BLD.F2,03/01/2018,4,0f,264,1.247,3.20180220.T4.BLD.F2.0f#264-265(200),264-265
201,3,20/02/2018,BLD,BLD.F2,03/01/2018,4,0f,268,1.23,3.20180220.T4.BLD.F2.0f#266-268(201),266-268
202,3,20/02/2018,BLD,BLD.F2,03/01/2018,4,0f,269,1.15,3.20180220.T4.BLD.F2.0f#269-270(202),269-270
203,3,20/02/2018,BLD,BLD.F2,03/01/2018,5,3f,271,1.261,3.20180220.T5.BLD.F2.3f#271(203),271
204,3,20/02/2018,BLD,BLD.F2,03/01/2018,5,3f,272,1.271,3.20180220.T5.BLD.F2.3f#272(204),272
205,3,20/02/2018,BLD,BLD.F2,03/01/2018,5,3f,273,1.409,3.20180220.T5.BLD.F2.3f#273(205),273
206,3,20/02/2018,BLD,BLD.F2,03/01/2018,5,3f,274,1.126,3.20180220.T5.BLD.F2.3f#274-275(206),274-275
207,3,20/02/2018,BLD,BLD.F2,03/01/2018,6,6f,276,1.175,3.20180220.T6.BLD.F2.6f#276-277(207),276-277
208,3,20/02/2018,BLD,BLD.F2,03/01/2018,6,6f,278,1.396,3.20180220.T6.BLD.F2.6f#278(208),278
209,3,20/02/2018,BLD,BLD.F2,03/01/2018,6,6f,279,1.216,3.20180220.T6.BLD.F2.6f#279-280(209),279-280
210,3,20/02/2018,BLD,BLD.F2,03/01/2018,6,6f,282,1.066,3.20180220.T6.BLD.F2.6f#281-283(210),281-283
211,3,20/02/2018,ALN,ALN.F3,03/01/2018,7,0f,284,1.137,3.20180220.T7.ALN.F3.0f#284(211),284
212,3,20/02/2018,ALN,ALN.F3,03/01/2018,8,3f,285,1.167,3.20180220.T8.ALN.F3.3f#285-286(212),285-286
213,3,20/02/2018,ALN,ALN.F3,03/01/2018,8,3f,287,1.052,3.20180220.T8.ALN.F3.3f#287(213),287
214,3,20/02/2018,ALN,ALN.F3,03/01/2018,8,3f,290,0.979,3.20180220.T8.ALN.F3.3f#288-290(214),288-290
215,3,20/02/2018,ALN,ALN.F3,03/01/2018,8,3f,291,1.011,3.20180220.T8.ALN.F3.3f#291-292(215),291-292
216,3,20/02/2018,ALN,ALN.F3,03/01/2018,9,6f,294,1.304,3.20180220.T9.ALN.F3.6f#293-294(216),293-294
217,3,20/02/2018,ALN,ALN.F3,03/01/2018,9,6f,296,0.929,3.20180220.T9.ALN.F3.6f#295-296(217),295-296
218,3,20/02/2018,ALN,ALN.F3,03/01/2018,9,6f,298,1.204,3.20180220.T9.ALN.F3.6f#297-298(218),297-298
219,3,20/02/2018,ALN,ALN.F3,03/01/2018,9,6f,299,0.844,3.20180220.T9.ALN.F3.6f#299-300(219),299-300
220,3,20/02/2018,ALN,ALN.F1,03/01/2018,10,0f,301,1.466,3.20180220.T10.ALN.F1.0f#301(220),301
221,3,20/02/2018,ALN,ALN.F1,03/01/2018,10,0f,302,1.046,3.20180220.T10.ALN.F1.0f#302(221),302
222,3,20/02/2018,ALN,ALN.F1,03/01/2018,10,0f,303,1.196,3.20180220.T10.ALN.F1.0f#303(222),303
223,3,20/02/2018,ALN,ALN.F1,03/01/2018,10,0f,304,1.36,3.20180220.T10.ALN.F1.0f#304-305(223),304-305
224,3,20/02/2018,ALN,ALN.F1,03/01/2018,11,3f,306,1.444,3.20180220.T11.ALN.F1.3f#306(224),306
225,3,20/02/2018,ALN,ALN.F1,03/01/2018,11,3f,309,1.402,3.20180220.T11.ALN.F1.3f#307-309(225),307-309
226,3,20/02/2018,ALN,ALN.F1,03/01/2018,11,3f,310,0.919,3.20180220.T11.ALN.F1.3f#310-311(226),310-311
227,3,20/02/2018,ALN,ALN.F1,03/01/2018,11,3f,312,1.489,3.20180220.T11.ALN.F1.3f#312(227),312
228,3,20/02/2018,ALN,ALN.F1,03/01/2018,12,6f,313,1.377,3.20180220.T12.ALN.F1.6f#313(228),313
229,3,20/02/2018,ALN,ALN.F1,03/01/2018,12,6f,315,1.482,3.20180220.T12.ALN.F1.6f#314-315(229),314-315
230,3,20/02/2018,ALN,ALN.F1,03/01/2018,12,6f,316,1.426,3.20180220.T12.ALN.F1.6f#316-317(230),316-317
231,2,01/03/2018,KKB,KKB.F5,23/01/2018,13,0f,318,0.745,2.20180301.T13.KKB.F5.0f#318-319(231),318-319
232,2,01/03/2018,KKB,KKB.F5,23/01/2018,13,0f,320,0.628,2.20180301.T13.KKB.F5.0f#320(232),320
233,2,01/03/2018,KKB,KKB.F5,23/01/2018,13,0f,321,0.762,2.20180301.T13.KKB.F5.0f#321-323(233),321-323
234,2,01/03/2018,KKB,KKB.F5,23/01/2018,13,0f,325,0.791,2.20180301.T13.KKB.F5.0f#324-325(234),324-325
235,2,01/03/2018,KKB,KKB.F5,23/01/2018,14,3f,326,0.827,2.20180301.T14.KKB.F5.3f#326-327(235),326-327
236,2,01/03/2018,KKB,KKB.F5,23/01/2018,14,3f,329,0.82,2.20180301.T14.KKB.F5.3f#328-329(236),328-329
237,2,01/03/2018,KKB,KKB.F5,23/01/2018,14,3f,331,0.718,2.20180301.T14.KKB.F5.3f#330-331(237),330-331
238,2,01/03/2018,KKB,KKB.F5,23/01/2018,14,3f,332,0.77,2.20180301.T14.KKB.F5.3f#332-333(238),332-333
239,2,01/03/2018,KKB,KKB.F5,23/01/2018,15,6f,336,0.789,2.20180301.T15.KKB.F5.6f#334-336(239),334-336
240,2,01/03/2018,KKB,KKB.F5,23/01/2018,15,6f,339,0.789,2.20180301.T15.KKB.F5.6f#337-339(240),337-339
241,2,01/03/2018,KKB,KKB.F5,23/01/2018,15,6f,340,0.814,2.20180301.T15.KKB.F5.6f#340-343(241),340-343
242,2,01/03/2018,KKB,KKB.F5,23/01/2018,15,6f,346,0.767,2.20180301.T15.KKB.F5.6f#344-346(242),344-346
243,2,01/03/2018,KKB,KKB.F7,25/01/2018,16,0f,348,0.814,2.20180301.T16.KKB.F7.0f#347-348(243),347-348
244,2,01/03/2018,KKB,KKB.F7,25/01/2018,16,0f,349,0.932,2.20180301.T16.KKB.F7.0f#349(244),349
245,2,01/03/2018,KKB,KKB.F7,25/01/2018,16,0f,353,0.828,2.20180301.T16.KKB.F7.0f#350-353(245),350-353
246,2,01/03/2018,KKB,KKB.F7,25/01/2018,16,0f,356,0.865,2.20180301.T16.KKB.F7.0f#354-356(246),354-356
247,2,01/03/2018,KKB,KKB.F7,25/01/2018,17,3f,361,0.831,2.20180301.T17.KKB.F7.3f#361-365(247),361-365
248,2,01/03/2018,KKB,KKB.F7,25/01/2018,17,3f,360,0.874,2.20180301.T17.KKB.F7.3f#359-360(248),359-360
249,2,01/03/2018,KKB,KKB.F7,25/01/2018,17,3f,366,0.88,2.20180301.T17.KKB.F7.3f#366(249),366
250,2,01/03/2018,KKB,KKB.F7,25/01/2018,17,3f,368,0.797,2.20180301.T17.KKB.F7.3f#368-369(250),368-369
251,2,01/03/2018,KKB,KKB.F7,25/01/2018,18,6f,370,0.989,2.20180301.T18.KKB.F7.6f#370-371(251),370-371
252,2,01/03/2018,KKB,KKB.F7,25/01/2018,18,6f,373,0.768,2.20180301.T18.KKB.F7.6f#372-374(252),372-374
253,2,01/03/2018,KKB,KKB.F7,25/01/2018,18,6f,375,0.959,2.20180301.T18.KKB.F7.6f#375(253),375
254,2,01/03/2018,KKB,KKB.F7,25/01/2018,18,6f,378,0.831,2.20180301.T18.KKB.F7.6f#376-379(254),376-379
255,3,15/03/2018,KKB,KKB.F5,23/01/2018,13,0f,380,1.124,3.20180315.T13.KKB.F5.0f#380(255),380
256,3,15/03/2018,KKB,KKB.F5,23/01/2018,13,0f,381,1.069,3.20180315.T13.KKB.F5.0f#381-382(256),381-382
257,3,15/03/2018,KKB,KKB.F5,23/01/2018,14,3f,385,1.203,3.20180315.T14.KKB.F5.3f#383-385(257),383-385
258,3,15/03/2018,KKB,KKB.F5,23/01/2018,14,3f,386,1.055,3.20180315.T14.KKB.F5.3f#386-388(258),386-388
259,3,15/03/2018,KKB,KKB.F5,23/01/2018,14,3f,392,1.401,3.20180315.T14.KKB.F5.3f#389-392(259),389-392
260,3,15/03/2018,KKB,KKB.F5,23/01/2018,15,6f,394,1.115,3.20180315.T15.KKB.F5.6f#393-394(260),393-394
261,3,15/03/2018,KKB,KKB.F5,23/01/2018,15,6f,397,1.209,3.20180315.T15.KKB.F5.6f#395-397(261),395-397
262,3,15/03/2018,KKB,KKB.F5,23/01/2018,15,6f,400,1.143,3.20180315.T15.KKB.F5.6f#398-400(262),398-400
263,3,15/03/2018,KKB,KKB.F7,25/01/2018,16,0f,401,1.126,3.20180315.T16.KKB.F7.0f#401-404(263),401-404
264,3,15/03/2018,KKB,KKB.F7,25/01/2018,16,0f,411,1.44,3.20180315.T16.KKB.F7.0f#405-411(264),405-411
265,3,15/03/2018,KKB,KKB.F7,25/01/2018,16,0f,413,1.336,3.20180315.T16.KKB.F7.0f#412-413(265),412-413
266,3,15/03/2018,KKB,KKB.F7,25/01/2018,16,0f,414,1.129,3.20180315.T16.KKB.F7.0f#414(266),414
267,3,15/03/2018,KKB,KKB.F7,25/01/2018,17,3f,416,1.239,3.20180315.T17.KKB.F7.3f#415-416(267),415-416
268,3,15/03/2018,KKB,KKB.F7,25/01/2018,17,3f,418,1.219,3.20180315.T17.KKB.F7.3f#417-418(268),417-418
269,3,15/03/2018,KKB,KKB.F7,25/01/2018,17,3f,423,1.192,3.20180315.T17.KKB.F7.3f#419-423(269),419-423
270,3,15/03/2018,KKB,KKB.F7,25/01/2018,17,3f,425,0.939,3.20180315.T17.KKB.F7.3f#424-426(270),424-426
271,3,15/03/2018,KKB,KKB.F7,25/01/2018,18,6f,428,1.257,3.20180315.T18.KKB.F7.6f#427-431(271),427-431
272,3,15/03/2018,KKB,KKB.F7,25/01/2018,18,6f,433,1.769,3.20180315.T18.KKB.F7.6f#432-433(272),432-433
273,3,15/03/2018,KKB,KKB.F7,25/01/2018,18,6f,439,1.283,3.20180315.T18.KKB.F7.6f#434-439(273),434-439
